Técnica,MAD,MSE,MAPE (%),TS,Enviesado
Média Móvel Simples,1043.8095238095239,1904665.6931216933,7.937179894353734,0.6993613138686134,Não
Média Exponencial Móvel,946.4873637900879,1735725.0803308876,7.209383050216887,-2.065863280376697,Não
Regressão Linear,968.3144202898548,1497325.891280193,7.35537396770172,-3.757022234578229e-14,Não
Holt Duplo,968.3145334358915,1497325.9136045782,7.35537418805246,1.3004131159979266e-05,Não
Holt-Winters,726.4997126335651,772739.9702296819,5.377776662966893,8.675663721799959e-05,Não
Decomposição Sazonal,807.0511117622355,1398693.17585228,5.612786822158092,-2.470938809616954,Não
