Técnica,MAD,MSE,MAPE (%),TS,Enviesado
Média Móvel Simples,1588.2222222222224,3981204.1481481493,10.8187166710046,3.375682104379458,Sim
Média Exponencial Móvel,1370.3107836816077,2886379.9163794406,9.2699585355615,6.698837762746837,Sim
Regressão Linear,1079.399275362319,2104885.8845108706,7.50999196068975,-1.853705472637833e-14,Não
Holt Duplo,1079.3987029365635,2104885.9168136762,7.510000738453552,-0.0004181233394159893,Não
Holt-Winters,666.6250066409511,715696.1227583307,4.597973332309499,-6.663206581915401e-06,Não
Decomposição Sazonal,906.1098855408924,2346099.859836198,6.14369188480649,-7.213438955092172,Sim
