Técnica,MAD,MSE,MAPE (%),TS,Enviesado
Média Móvel Simples,12481.984126984127,197427257.1481482,19.71082762923618,3.363914975869982,Sim
Média Exponencial Móvel,9566.032799487686,123986787.16287287,15.043824173576917,6.577796508899275,Sim
Regressão Linear,8945.743333333334,95629559.53847224,14.731621403760583,3.253371952701568e-15,Não
Holt Duplo,8135.561893707564,109582985.55726194,13.258163417412309,0.039412617260900694,Não
Holt-Winters,1824.102487625916,7091567.222356108,2.9574560898587983,4.492137982513567,Sim
Decomposição Sazonal,2287.920659236542,13041837.875499519,3.873928895167274,-4.422296800075725,Sim
