Técnica,MAD,MSE,MAPE (%),TS,Enviesado
Média Móvel Simples,24054.12698412699,885298121.4285716,13.599555831681236,7.9371272460918165,Sim
Média Exponencial Móvel,21546.785161760195,790662926.5304465,12.082130873486385,13.607739511216568,Sim
Regressão Linear,16187.241123188403,517179493.1765156,9.791630488377166,-1.7979487817131568e-15,Não
Holt Duplo,16081.835786485966,521177361.09726363,9.773507913378303,-1.4402815510748257,Não
Holt-Winters,12063.883153770854,611330279.6787268,6.071785880696492,-2.265276007407312,Não
Decomposição Sazonal,25550.135720740207,1973992401.2935774,14.10652632308487,-10.569499449248177,Sim
