Técnica,MAD,MSE,MAPE (%),TS,Enviesado
Média Móvel Simples,14335.492063492065,237335946.89947087,28.201862995418853,1.7863356127980725,Não
Média Exponencial Móvel,10120.892948141327,141920738.35542238,19.58134308173691,4.247460698301778,Sim
Regressão Linear,9317.713623188409,110104345.56436594,18.72310180303284,-1.7179221640132463e-14,Não
Holt Duplo,8834.298945343464,126258262.98405308,17.684314115770803,0.06958434170582038,Não
Holt-Winters,787.3128894689798,997793.4120111777,1.5840121154009674,-0.2431976447722502,Não
Decomposição Sazonal,885.3984827430819,1450001.711640905,1.810328724441323,-7.955847400338411,Sim
