Técnica,MAD,MSE,MAPE (%),TS,Enviesado
Média Móvel Simples,2214.7619047619046,6693444.793650793,7.869678838309237,8.532444635562245,Sim
Média Exponencial Móvel,1797.6288371729813,5351193.714515506,6.376699468437969,15.98562757175847,Sim
Regressão Linear,1515.603695652173,2978627.589528984,5.591211339577859,4.560664343392165e-14,Não
Holt Duplo,1480.9195309506952,3090263.433154864,5.378056842197848,2.63758745708159,Não
Holt-Winters,635.6219447712471,589320.7177522267,2.305109454682923,-0.002995696015353934,Não
Decomposição Sazonal,1932.7728904649357,10570689.579937391,7.7889702979588735,-14.362036791523446,Sim
