Linha,Técnica Vencedora,MAD,MAPE (%),TS Final
L1,Holt-Winters,787.3128894689798,1.5840121154009674,-0.2431976447722502
L2,Holt Duplo,1030.153299167456,10.919204895689276,-0.00015724644757137392
L3,Holt-Winters,277.6022737610451,1.2110169035834886,-0.00042020080752227704
L4,Decomposição Sazonal,218.39810546106932,2.2028704472918994,-0.07978225252647635
L5,Regressão Linear,27786.72782608696,13.271913514171855,2.0948008444096262e-15
