Linha,Técnica Vencedora,MAD,MAPE (%),TS Final
L1,Holt-Winters,635.6219447712471,2.305109454682923,-0.002995696015353934
L2,Holt-Winters,726.4997126335651,5.377776662966893,8.675663721799959e-05
L3,Holt Duplo,8135.561893707564,13.258163417412309,0.039412617260900694
L4,Holt-Winters,12063.883153770854,6.071785880696492,-2.265276007407312
L5,Holt-Winters,666.6250066409511,4.597973332309499,-6.663206581915401e-06
